No.,속성,属性,아이돌명,HEX,Slug,파일명,공식 프로필 URL,스탠딩 이미지 URL,HEX 출처 URL,속성 출처 URL,공식 목록 URL
1,큐트,キュート,辻野あかり,#E10600,akari,akari.webp,https://cinderellagirls.idolmaster-official.jp/idol/akari/,https://cinderellagirls.idolmaster-official.jp/assets/img/idol/akari/idol_detail.png,https://imas-db.jp/misc/color.html,https://imas-history.com/entry/2020/09/21/161310,https://cinderellagirls.idolmaster-official.jp/idol/
2,큐트,キュート,大沼くるみ,#FFC1BD,kurumi,kurumi.webp,https://cinderellagirls.idolmaster-official.jp/idol/kurumi/,https://cinderellagirls.idolmaster-official.jp/assets/img/idol/kurumi/idol_detail.png,https://imas-db.jp/misc/color.html,https://imas-history.com/entry/2020/09/21/161310,https://cinderellagirls.idolmaster-official.jp/idol/
3,큐트,キュート,楊菲菲,#E56F66,yao,yao.webp,https://cinderellagirls.idolmaster-official.jp/idol/yao/,https://cinderellagirls.idolmaster-official.jp/assets/img/idol/yao/idol_detail.png,https://imas-db.jp/misc/color.html,https://imas-history.com/entry/2020/09/21/161310,https://cinderellagirls.idolmaster-official.jp/idol/
4,큐트,キュート,関裕美,#FFB3AB,hiromi,hiromi.webp,https://cinderellagirls.idolmaster-official.jp/idol/hiromi/,https://cinderellagirls.idolmaster-official.jp/assets/img/idol/hiromi/idol_detail.png,https://imas-db.jp/misc/color.html,https://imas-history.com/entry/2020/09/21/161310,https://cinderellagirls.idolmaster-official.jp/idol/
5,큐트,キュート,持田亜里沙,#FD9286,arisa,arisa.webp,https://cinderellagirls.idolmaster-official.jp/idol/arisa/,https://cinderellagirls.idolmaster-official.jp/assets/img/idol/arisa/idol_detail.png,https://imas-db.jp/misc/color.html,https://imas-history.com/entry/2020/09/21/161310,https://cinderellagirls.idolmaster-official.jp/idol/
6,큐트,キュート,相原雪乃,#D06447,yukino,yukino.webp,https://cinderellagirls.idolmaster-official.jp/idol/yukino/,https://cinderellagirls.idolmaster-official.jp/assets/img/idol/yukino/idol_detail.png,https://imas-db.jp/misc/color.html,https://imas-history.com/entry/2020/09/21/161310,https://cinderellagirls.idolmaster-official.jp/idol/
7,큐트,キュート,安斎都,#FA9063,miyako,miyako.webp,https://cinderellagirls.idolmaster-official.jp/idol/miyako/,https://cinderellagirls.idolmaster-official.jp/assets/img/idol/miyako/idol_detail.png,https://imas-db.jp/misc/color.html,https://imas-history.com/entry/2020/09/21/161310,https://cinderellagirls.idolmaster-official.jp/idol/
8,큐트,キュート,藤本里奈,#623B2A,rina,rina.webp,https://cinderellagirls.idolmaster-official.jp/idol/rina/,https://cinderellagirls.idolmaster-official.jp/assets/img/idol/rina/idol_detail.png,https://imas-db.jp/misc/color.html,https://imas-history.com/entry/2020/09/21/161310,https://cinderellagirls.idolmaster-official.jp/idol/
9,큐트,キュート,柳瀬美由紀,#FF5D14,miyuki,miyuki.webp,https://cinderellagirls.idolmaster-official.jp/idol/miyuki/,https://cinderellagirls.idolmaster-official.jp/assets/img/idol/miyuki/idol_detail.png,https://imas-db.jp/misc/color.html,https://imas-history.com/entry/2020/09/21/161310,https://cinderellagirls.idolmaster-official.jp/idol/
10,큐트,キュート,大原みちる,#D8843E,michiru,michiru.webp,https://cinderellagirls.idolmaster-official.jp/idol/michiru/,https://cinderellagirls.idolmaster-official.jp/assets/img/idol/michiru/idol_detail.png,https://imas-db.jp/misc/color.html,https://imas-history.com/entry/2020/09/21/161310,https://cinderellagirls.idolmaster-official.jp/idol/
11,큐트,キュート,クラリス,#FFDA7B,clarice,clarice.webp,https://cinderellagirls.idolmaster-official.jp/idol/clarice/,https://cinderellagirls.idolmaster-official.jp/assets/img/idol/clarice/idol_detail.png,https://imas-db.jp/misc/color.html,https://imas-history.com/entry/2020/09/21/161310,https://cinderellagirls.idolmaster-official.jp/idol/
12,큐트,キュート,榊原里美,#FEC520,satomi,satomi.webp,https://cinderellagirls.idolmaster-official.jp/idol/satomi/,https://cinderellagirls.idolmaster-official.jp/assets/img/idol/satomi/idol_detail.png,https://imas-db.jp/misc/color.html,https://imas-history.com/entry/2020/09/21/161310,https://cinderellagirls.idolmaster-official.jp/idol/
13,큐트,キュート,日下部若葉,#C4D673,wakaba,wakaba.webp,https://cinderellagirls.idolmaster-official.jp/idol/wakaba/,https://cinderellagirls.idolmaster-official.jp/assets/img/idol/wakaba/idol_detail.png,https://imas-db.jp/misc/color.html,https://imas-history.com/entry/2020/09/21/161310,https://cinderellagirls.idolmaster-official.jp/idol/
14,큐트,キュート,古賀小春,#C2E189,koharu,koharu.webp,https://cinderellagirls.idolmaster-official.jp/idol/koharu/,https://cinderellagirls.idolmaster-official.jp/assets/img/idol/koharu/idol_detail.png,https://imas-db.jp/misc/color.html,https://imas-history.com/entry/2020/09/21/161310,https://cinderellagirls.idolmaster-official.jp/idol/
15,큐트,キュート,緒方智絵里,#6CC24A,chieri,chieri.webp,https://cinderellagirls.idolmaster-official.jp/idol/chieri/,https://cinderellagirls.idolmaster-official.jp/assets/img/idol/chieri/idol_detail.png,https://imas-db.jp/misc/color.html,https://imas-history.com/entry/2020/09/21/161310,https://cinderellagirls.idolmaster-official.jp/idol/
16,큐트,キュート,浅野風香,#618D75,fuka,fuka.webp,https://cinderellagirls.idolmaster-official.jp/idol/fuka/,https://cinderellagirls.idolmaster-official.jp/assets/img/idol/fuka/idol_detail.png,https://imas-db.jp/misc/color.html,https://imas-history.com/entry/2020/09/21/161310,https://cinderellagirls.idolmaster-official.jp/idol/
17,큐트,キュート,間中美里,#D1F9E6,misato,misato.webp,https://cinderellagirls.idolmaster-official.jp/idol/misato/,https://cinderellagirls.idolmaster-official.jp/assets/img/idol/misato/idol_detail.png,https://imas-db.jp/misc/color.html,https://imas-history.com/entry/2020/09/21/161310,https://cinderellagirls.idolmaster-official.jp/idol/
18,큐트,キュート,栗原ネネ,#0F7BF8,nene,nene.webp,https://cinderellagirls.idolmaster-official.jp/idol/nene/,https://cinderellagirls.idolmaster-official.jp/assets/img/idol/nene/idol_detail.png,https://imas-db.jp/misc/color.html,https://imas-history.com/entry/2020/09/21/161310,https://cinderellagirls.idolmaster-official.jp/idol/
19,큐트,キュート,輿水幸子,#C1A0DA,sachiko,sachiko.webp,https://cinderellagirls.idolmaster-official.jp/idol/sachiko/,https://cinderellagirls.idolmaster-official.jp/assets/img/idol/sachiko/idol_detail.png,https://imas-db.jp/misc/color.html,https://imas-history.com/entry/2020/09/21/161310,https://cinderellagirls.idolmaster-official.jp/idol/
20,큐트,キュート,柳清良,#E7CBEE,kiyora,kiyora.webp,https://cinderellagirls.idolmaster-official.jp/idol/kiyora/,https://cinderellagirls.idolmaster-official.jp/assets/img/idol/kiyora/idol_detail.png,https://imas-db.jp/misc/color.html,https://imas-history.com/entry/2020/09/21/161310,https://cinderellagirls.idolmaster-official.jp/idol/
21,큐트,キュート,白菊ほたる,#C964CF,hotaru,hotaru.webp,https://cinderellagirls.idolmaster-official.jp/idol/hotaru/,https://cinderellagirls.idolmaster-official.jp/assets/img/idol/hotaru/idol_detail.png,https://imas-db.jp/misc/color.html,https://imas-history.com/entry/2020/09/21/161310,https://cinderellagirls.idolmaster-official.jp/idol/
22,큐트,キュート,今井加奈,#FF3DE5,kana,kana.webp,https://cinderellagirls.idolmaster-official.jp/idol/kana/,https://cinderellagirls.idolmaster-official.jp/assets/img/idol/kana/idol_detail.png,https://imas-db.jp/misc/color.html,https://imas-history.com/entry/2020/09/21/161310,https://cinderellagirls.idolmaster-official.jp/idol/
23,큐트,キュート,早坂美玲,#C800A1,mirei,mirei.webp,https://cinderellagirls.idolmaster-official.jp/idol/mirei/,https://cinderellagirls.idolmaster-official.jp/assets/img/idol/mirei/idol_detail.png,https://imas-db.jp/misc/color.html,https://imas-history.com/entry/2020/09/21/161310,https://cinderellagirls.idolmaster-official.jp/idol/
24,큐트,キュート,中野有香,#E277CD,yuka,yuka.webp,https://cinderellagirls.idolmaster-official.jp/idol/yuka/,https://cinderellagirls.idolmaster-official.jp/assets/img/idol/yuka/idol_detail.png,https://imas-db.jp/misc/color.html,https://imas-history.com/entry/2020/09/21/161310,https://cinderellagirls.idolmaster-official.jp/idol/
25,큐트,キュート,小日向美穂,#DB3EB1,miho,miho.webp,https://cinderellagirls.idolmaster-official.jp/idol/miho/,https://cinderellagirls.idolmaster-official.jp/assets/img/idol/miho/idol_detail.png,https://imas-db.jp/misc/color.html,https://imas-history.com/entry/2020/09/21/161310,https://cinderellagirls.idolmaster-official.jp/idol/
26,큐트,キュート,水本ゆかり,#EABEDB,yukari,yukari.webp,https://cinderellagirls.idolmaster-official.jp/idol/yukari/,https://cinderellagirls.idolmaster-official.jp/assets/img/idol/yukari/idol_detail.png,https://imas-db.jp/misc/color.html,https://imas-history.com/entry/2020/09/21/161310,https://cinderellagirls.idolmaster-official.jp/idol/
27,큐트,キュート,桃井あずき,#93256C,azuki,azuki.webp,https://cinderellagirls.idolmaster-official.jp/idol/azuki/,https://cinderellagirls.idolmaster-official.jp/assets/img/idol/azuki/idol_detail.png,https://imas-db.jp/misc/color.html,https://imas-history.com/entry/2020/09/21/161310,https://cinderellagirls.idolmaster-official.jp/idol/
28,큐트,キュート,櫻井桃華,#EF95CF,momoka,momoka.webp,https://cinderellagirls.idolmaster-official.jp/idol/momoka/,https://cinderellagirls.idolmaster-official.jp/assets/img/idol/momoka/idol_detail.png,https://imas-db.jp/misc/color.html,https://imas-history.com/entry/2020/09/21/161310,https://cinderellagirls.idolmaster-official.jp/idol/
29,큐트,キュート,宮本フレデリカ,#A20067,frederica,frederica.webp,https://cinderellagirls.idolmaster-official.jp/idol/frederica/,https://cinderellagirls.idolmaster-official.jp/assets/img/idol/frederica/idol_detail.png,https://imas-db.jp/misc/color.html,https://imas-history.com/entry/2020/09/21/161310,https://cinderellagirls.idolmaster-official.jp/idol/
30,큐트,キュート,遊佐こずえ,#F4A6D7,kozue,kozue.webp,https://cinderellagirls.idolmaster-official.jp/idol/kozue/,https://cinderellagirls.idolmaster-official.jp/assets/img/idol/kozue/idol_detail.png,https://imas-db.jp/misc/color.html,https://imas-history.com/entry/2020/09/21/161310,https://cinderellagirls.idolmaster-official.jp/idol/
31,큐트,キュート,棟方愛海,#C7579A,atsumi,atsumi.webp,https://cinderellagirls.idolmaster-official.jp/idol/atsumi/,https://cinderellagirls.idolmaster-official.jp/assets/img/idol/atsumi/idol_detail.png,https://imas-db.jp/misc/color.html,https://imas-history.com/entry/2020/09/21/161310,https://cinderellagirls.idolmaster-official.jp/idol/
32,큐트,キュート,白雪千夜,#EFD7E5,chiyo,chiyo.webp,https://cinderellagirls.idolmaster-official.jp/idol/chiyo/,https://cinderellagirls.idolmaster-official.jp/assets/img/idol/chiyo/idol_detail.png,https://imas-db.jp/misc/color.html,https://imas-history.com/entry/2020/09/21/161310,https://cinderellagirls.idolmaster-official.jp/idol/
33,큐트,キュート,小早川紗枝,#E56DB1,sae,sae.webp,https://cinderellagirls.idolmaster-official.jp/idol/sae/,https://cinderellagirls.idolmaster-official.jp/assets/img/idol/sae/idol_detail.png,https://imas-db.jp/misc/color.html,https://imas-history.com/entry/2020/09/21/161310,https://cinderellagirls.idolmaster-official.jp/idol/
34,큐트,キュート,佐久間まゆ,#DA1884,mayu,mayu.webp,https://cinderellagirls.idolmaster-official.jp/idol/mayu/,https://cinderellagirls.idolmaster-official.jp/assets/img/idol/mayu/idol_detail.png,https://imas-db.jp/misc/color.html,https://imas-history.com/entry/2020/09/21/161310,https://cinderellagirls.idolmaster-official.jp/idol/
35,큐트,キュート,松原早耶,#F743A6,saya,saya.webp,https://cinderellagirls.idolmaster-official.jp/idol/saya/,https://cinderellagirls.idolmaster-official.jp/assets/img/idol/saya/idol_detail.png,https://imas-db.jp/misc/color.html,https://imas-history.com/entry/2020/09/21/161310,https://cinderellagirls.idolmaster-official.jp/idol/
36,큐트,キュート,大西由里子,#C90F74,yuriko,yuriko.webp,https://cinderellagirls.idolmaster-official.jp/idol/yuriko/,https://cinderellagirls.idolmaster-official.jp/assets/img/idol/yuriko/idol_detail.png,https://imas-db.jp/misc/color.html,https://imas-history.com/entry/2020/09/21/161310,https://cinderellagirls.idolmaster-official.jp/idol/
37,큐트,キュート,太田優,#F851A7,yuu,yuu.webp,https://cinderellagirls.idolmaster-official.jp/idol/yuu/,https://cinderellagirls.idolmaster-official.jp/assets/img/idol/yuu/idol_detail.png,https://imas-db.jp/misc/color.html,https://imas-history.com/entry/2020/09/21/161310,https://cinderellagirls.idolmaster-official.jp/idol/
38,큐트,キュート,福山舞,#FF68B5,mai,mai.webp,https://cinderellagirls.idolmaster-official.jp/idol/mai/,https://cinderellagirls.idolmaster-official.jp/assets/img/idol/mai/idol_detail.png,https://imas-db.jp/misc/color.html,https://imas-history.com/entry/2020/09/21/161310,https://cinderellagirls.idolmaster-official.jp/idol/
39,큐트,キュート,一ノ瀬志希,#A50050,shiki,shiki.webp,https://cinderellagirls.idolmaster-official.jp/idol/shiki/,https://cinderellagirls.idolmaster-official.jp/assets/img/idol/shiki/idol_detail.png,https://imas-db.jp/misc/color.html,https://imas-history.com/entry/2020/09/21/161310,https://cinderellagirls.idolmaster-official.jp/idol/
40,큐트,キュート,横山千佳,#FC87BF,chika,chika.webp,https://cinderellagirls.idolmaster-official.jp/idol/chika/,https://cinderellagirls.idolmaster-official.jp/assets/img/idol/chika/idol_detail.png,https://imas-db.jp/misc/color.html,https://imas-history.com/entry/2020/09/21/161310,https://cinderellagirls.idolmaster-official.jp/idol/
41,큐트,キュート,兵藤レナ,#D8076B,rena,rena.webp,https://cinderellagirls.idolmaster-official.jp/idol/rena/,https://cinderellagirls.idolmaster-official.jp/assets/img/idol/rena/idol_detail.png,https://imas-db.jp/misc/color.html,https://imas-history.com/entry/2020/09/21/161310,https://cinderellagirls.idolmaster-official.jp/idol/
42,큐트,キュート,涼宮星花,#F994C4,seika,seika.webp,https://cinderellagirls.idolmaster-official.jp/idol/seika/,https://cinderellagirls.idolmaster-official.jp/assets/img/idol/seika/idol_detail.png,https://imas-db.jp/misc/color.html,https://imas-history.com/entry/2020/09/21/161310,https://cinderellagirls.idolmaster-official.jp/idol/
43,큐트,キュート,安部菜々,#EF4A81,nana,nana.webp,https://cinderellagirls.idolmaster-official.jp/idol/nana/,https://cinderellagirls.idolmaster-official.jp/assets/img/idol/nana/idol_detail.png,https://imas-db.jp/misc/color.html,https://imas-history.com/entry/2020/09/21/161310,https://cinderellagirls.idolmaster-official.jp/idol/
44,큐트,キュート,赤西瑛梨華,#EB306D,erika,erika.webp,https://cinderellagirls.idolmaster-official.jp/idol/erika/,https://cinderellagirls.idolmaster-official.jp/assets/img/idol/erika/idol_detail.png,https://imas-db.jp/misc/color.html,https://imas-history.com/entry/2020/09/21/161310,https://cinderellagirls.idolmaster-official.jp/idol/
45,큐트,キュート,双葉杏,#F8A3BC,anzu,anzu.webp,https://cinderellagirls.idolmaster-official.jp/idol/anzu/,https://cinderellagirls.idolmaster-official.jp/assets/img/idol/anzu/idol_detail.png,https://imas-db.jp/misc/color.html,https://imas-history.com/entry/2020/09/21/161310,https://cinderellagirls.idolmaster-official.jp/idol/
46,큐트,キュート,島村卯月,#F67599,uzuki,uzuki.webp,https://cinderellagirls.idolmaster-official.jp/idol/uzuki/,https://cinderellagirls.idolmaster-official.jp/assets/img/idol/uzuki/idol_detail.png,https://imas-db.jp/misc/color.html,https://imas-history.com/entry/2020/09/21/161310,https://cinderellagirls.idolmaster-official.jp/idol/
47,큐트,キュート,前川みく,#CE0037,miku,miku.webp,https://cinderellagirls.idolmaster-official.jp/idol/miku/,https://cinderellagirls.idolmaster-official.jp/assets/img/idol/miku/idol_detail.png,https://imas-db.jp/misc/color.html,https://imas-history.com/entry/2020/09/21/161310,https://cinderellagirls.idolmaster-official.jp/idol/
48,큐트,キュート,井村雪菜,#ED3767,setsuna,setsuna.webp,https://cinderellagirls.idolmaster-official.jp/idol/setsuna/,https://cinderellagirls.idolmaster-official.jp/assets/img/idol/setsuna/idol_detail.png,https://imas-db.jp/misc/color.html,https://imas-history.com/entry/2020/09/21/161310,https://cinderellagirls.idolmaster-official.jp/idol/
49,큐트,キュート,五十嵐響子,#FABBCB,kyoko,kyoko.webp,https://cinderellagirls.idolmaster-official.jp/idol/kyoko/,https://cinderellagirls.idolmaster-official.jp/assets/img/idol/kyoko/idol_detail.png,https://imas-db.jp/misc/color.html,https://imas-history.com/entry/2020/09/21/161310,https://cinderellagirls.idolmaster-official.jp/idol/
50,큐트,キュート,有浦柑奈,#EC4B6E,kanna,kanna.webp,https://cinderellagirls.idolmaster-official.jp/idol/kanna/,https://cinderellagirls.idolmaster-official.jp/assets/img/idol/kanna/idol_detail.png,https://imas-db.jp/misc/color.html,https://imas-history.com/entry/2020/09/21/161310,https://cinderellagirls.idolmaster-official.jp/idol/
51,큐트,キュート,丹羽仁美,#A80826,hitomi,hitomi.webp,https://cinderellagirls.idolmaster-official.jp/idol/hitomi/,https://cinderellagirls.idolmaster-official.jp/assets/img/idol/hitomi/idol_detail.png,https://imas-db.jp/misc/color.html,https://imas-history.com/entry/2020/09/21/161310,https://cinderellagirls.idolmaster-official.jp/idol/
52,큐트,キュート,池袋晶葉,#DE2F4D,akiha,akiha.webp,https://cinderellagirls.idolmaster-official.jp/idol/akiha/,https://cinderellagirls.idolmaster-official.jp/assets/img/idol/akiha/idol_detail.png,https://imas-db.jp/misc/color.html,https://imas-history.com/entry/2020/09/21/161310,https://cinderellagirls.idolmaster-official.jp/idol/
53,큐트,キュート,奥山沙織,#E87487,saori,saori.webp,https://cinderellagirls.idolmaster-official.jp/idol/saori/,https://cinderellagirls.idolmaster-official.jp/assets/img/idol/saori/idol_detail.png,https://imas-db.jp/misc/color.html,https://imas-history.com/entry/2020/09/21/161310,https://cinderellagirls.idolmaster-official.jp/idol/
54,큐트,キュート,村松さくら,#EB6174,sakura,sakura.webp,https://cinderellagirls.idolmaster-official.jp/idol/sakura/,https://cinderellagirls.idolmaster-official.jp/assets/img/idol/sakura/idol_detail.png,https://imas-db.jp/misc/color.html,https://imas-history.com/entry/2020/09/21/161310,https://cinderellagirls.idolmaster-official.jp/idol/
55,큐트,キュート,乙倉悠貴,#E4BEC3,yuuki,yuuki.webp,https://cinderellagirls.idolmaster-official.jp/idol/yuuki/,https://cinderellagirls.idolmaster-official.jp/assets/img/idol/yuuki/idol_detail.png,https://imas-db.jp/misc/color.html,https://imas-history.com/entry/2020/09/21/161310,https://cinderellagirls.idolmaster-official.jp/idol/
56,큐트,キュート,三村かな子,#FFB1BB,kanako,kanako.webp,https://cinderellagirls.idolmaster-official.jp/idol/kanako/,https://cinderellagirls.idolmaster-official.jp/assets/img/idol/kanako/idol_detail.png,https://imas-db.jp/misc/color.html,https://imas-history.com/entry/2020/09/21/161310,https://cinderellagirls.idolmaster-official.jp/idol/
57,큐트,キュート,椎名法子,#F8485E,noriko,noriko.webp,https://cinderellagirls.idolmaster-official.jp/idol/noriko/,https://cinderellagirls.idolmaster-official.jp/assets/img/idol/noriko/idol_detail.png,https://imas-db.jp/misc/color.html,https://imas-history.com/entry/2020/09/21/161310,https://cinderellagirls.idolmaster-official.jp/idol/
58,큐트,キュート,工藤忍,#EB3249,shinobu,shinobu.webp,https://cinderellagirls.idolmaster-official.jp/idol/shinobu/,https://cinderellagirls.idolmaster-official.jp/assets/img/idol/shinobu/idol_detail.png,https://imas-db.jp/misc/color.html,https://imas-history.com/entry/2020/09/21/161310,https://cinderellagirls.idolmaster-official.jp/idol/
59,큐트,キュート,西園寺琴歌,#E8CDD0,kotoka,kotoka.webp,https://cinderellagirls.idolmaster-official.jp/idol/kotoka/,https://cinderellagirls.idolmaster-official.jp/assets/img/idol/kotoka/idol_detail.png,https://imas-db.jp/misc/color.html,https://imas-history.com/entry/2020/09/21/161310,https://cinderellagirls.idolmaster-official.jp/idol/
60,큐트,キュート,長富蓮実,#EA8A91,hasumi,hasumi.webp,https://cinderellagirls.idolmaster-official.jp/idol/hasumi/,https://cinderellagirls.idolmaster-official.jp/assets/img/idol/hasumi/idol_detail.png,https://imas-db.jp/misc/color.html,https://imas-history.com/entry/2020/09/21/161310,https://cinderellagirls.idolmaster-official.jp/idol/
61,큐트,キュート,黒埼ちとせ,#EF3340,chitose,chitose.webp,https://cinderellagirls.idolmaster-official.jp/idol/chitose/,https://cinderellagirls.idolmaster-official.jp/assets/img/idol/chitose/idol_detail.png,https://imas-db.jp/misc/color.html,https://imas-history.com/entry/2020/09/21/161310,https://cinderellagirls.idolmaster-official.jp/idol/
62,큐트,キュート,江上椿,#E95B64,tsubaki,tsubaki.webp,https://cinderellagirls.idolmaster-official.jp/idol/tsubaki/,https://cinderellagirls.idolmaster-official.jp/assets/img/idol/tsubaki/idol_detail.png,https://imas-db.jp/misc/color.html,https://imas-history.com/entry/2020/09/21/161310,https://cinderellagirls.idolmaster-official.jp/idol/
63,큐트,キュート,道明寺歌鈴,#D22630,karin,karin.webp,https://cinderellagirls.idolmaster-official.jp/idol/karin/,https://cinderellagirls.idolmaster-official.jp/assets/img/idol/karin/idol_detail.png,https://imas-db.jp/misc/color.html,https://imas-history.com/entry/2020/09/21/161310,https://cinderellagirls.idolmaster-official.jp/idol/
64,큐트,キュート,月宮雅,#FFD9DB,miyabi,miyabi.webp,https://cinderellagirls.idolmaster-official.jp/idol/miyabi/,https://cinderellagirls.idolmaster-official.jp/assets/img/idol/miyabi/idol_detail.png,https://imas-db.jp/misc/color.html,https://imas-history.com/entry/2020/09/21/161310,https://cinderellagirls.idolmaster-official.jp/idol/
65,큐트,キュート,原田美世,#E94047,miyo,miyo.webp,https://cinderellagirls.idolmaster-official.jp/idol/miyo/,https://cinderellagirls.idolmaster-official.jp/assets/img/idol/miyo/idol_detail.png,https://imas-db.jp/misc/color.html,https://imas-history.com/entry/2020/09/21/161310,https://cinderellagirls.idolmaster-official.jp/idol/
66,쿨,クール,黒川千秋,#BC1212,chiaki,chiaki.webp,https://cinderellagirls.idolmaster-official.jp/idol/chiaki/,https://cinderellagirls.idolmaster-official.jp/assets/img/idol/chiaki/idol_detail.png,https://imas-db.jp/misc/color.html,https://imas-history.com/entry/2020/09/21/161310,https://cinderellagirls.idolmaster-official.jp/idol/
67,쿨,クール,高橋礼子,#781000,reiko,reiko.webp,https://cinderellagirls.idolmaster-official.jp/idol/reiko/,https://cinderellagirls.idolmaster-official.jp/assets/img/idol/reiko/idol_detail.png,https://imas-db.jp/misc/color.html,https://imas-history.com/entry/2020/09/21/161310,https://cinderellagirls.idolmaster-official.jp/idol/
68,쿨,クール,ヘレン,#C58E31,helen,helen.webp,https://cinderellagirls.idolmaster-official.jp/idol/helen/,https://cinderellagirls.idolmaster-official.jp/assets/img/idol/helen/idol_detail.png,https://imas-db.jp/misc/color.html,https://imas-history.com/entry/2020/09/21/161310,https://cinderellagirls.idolmaster-official.jp/idol/
69,쿨,クール,荒木比奈,#A0D884,hina,hina.webp,https://cinderellagirls.idolmaster-official.jp/idol/hina/,https://cinderellagirls.idolmaster-official.jp/assets/img/idol/hina/idol_detail.png,https://imas-db.jp/misc/color.html,https://imas-history.com/entry/2020/09/21/161310,https://cinderellagirls.idolmaster-official.jp/idol/
70,쿨,クール,氏家むつみ,#375637,mutsumi,mutsumi.webp,https://cinderellagirls.idolmaster-official.jp/idol/mutsumi/,https://cinderellagirls.idolmaster-official.jp/assets/img/idol/mutsumi/idol_detail.png,https://imas-db.jp/misc/color.html,https://imas-history.com/entry/2020/09/21/161310,https://cinderellagirls.idolmaster-official.jp/idol/
71,쿨,クール,大和亜季,#28724F,aki,aki.webp,https://cinderellagirls.idolmaster-official.jp/idol/aki/,https://cinderellagirls.idolmaster-official.jp/assets/img/idol/aki/idol_detail.png,https://imas-db.jp/misc/color.html,https://imas-history.com/entry/2020/09/21/161310,https://cinderellagirls.idolmaster-official.jp/idol/
72,쿨,クール,高垣楓,#47D7AC,kaede,kaede.webp,https://cinderellagirls.idolmaster-official.jp/idol/kaede/,https://cinderellagirls.idolmaster-official.jp/assets/img/idol/kaede/idol_detail.png,https://imas-db.jp/misc/color.html,https://imas-history.com/entry/2020/09/21/161310,https://cinderellagirls.idolmaster-official.jp/idol/
73,쿨,クール,梅木音葉,#75BBAE,otoha,otoha.webp,https://cinderellagirls.idolmaster-official.jp/idol/otoha/,https://cinderellagirls.idolmaster-official.jp/assets/img/idol/otoha/idol_detail.png,https://imas-db.jp/misc/color.html,https://imas-history.com/entry/2020/09/21/161310,https://cinderellagirls.idolmaster-official.jp/idol/
74,쿨,クール,ライラ,#7CE0D3,layla,layla.webp,https://cinderellagirls.idolmaster-official.jp/idol/layla/,https://cinderellagirls.idolmaster-official.jp/assets/img/idol/layla/idol_detail.png,https://imas-db.jp/misc/color.html,https://imas-history.com/entry/2020/09/21/161310,https://cinderellagirls.idolmaster-official.jp/idol/
75,쿨,クール,久川颯,#7EDDD3,hayate,hayate.webp,https://cinderellagirls.idolmaster-official.jp/idol/hayate/,https://cinderellagirls.idolmaster-official.jp/assets/img/idol/hayate/idol_detail.png,https://imas-db.jp/misc/color.html,https://imas-history.com/entry/2020/09/21/161310,https://cinderellagirls.idolmaster-official.jp/idol/
76,쿨,クール,三船美優,#12BFB2,miyu,miyu.webp,https://cinderellagirls.idolmaster-official.jp/idol/miyu/,https://cinderellagirls.idolmaster-official.jp/assets/img/idol/miyu/idol_detail.png,https://imas-db.jp/misc/color.html,https://imas-history.com/entry/2020/09/21/161310,https://cinderellagirls.idolmaster-official.jp/idol/
77,쿨,クール,結城晴,#71DAD4,haru,haru.webp,https://cinderellagirls.idolmaster-official.jp/idol/haru/,https://cinderellagirls.idolmaster-official.jp/assets/img/idol/haru/idol_detail.png,https://imas-db.jp/misc/color.html,https://imas-history.com/entry/2020/09/21/161310,https://cinderellagirls.idolmaster-official.jp/idol/
78,쿨,クール,北条加蓮,#2AD2C9,karen,karen.webp,https://cinderellagirls.idolmaster-official.jp/idol/karen/,https://cinderellagirls.idolmaster-official.jp/assets/img/idol/karen/idol_detail.png,https://imas-db.jp/misc/color.html,https://imas-history.com/entry/2020/09/21/161310,https://cinderellagirls.idolmaster-official.jp/idol/
79,쿨,クール,森久保乃々,#9CDBD9,nono,nono.webp,https://cinderellagirls.idolmaster-official.jp/idol/nono/,https://cinderellagirls.idolmaster-official.jp/assets/img/idol/nono/idol_detail.png,https://imas-db.jp/misc/color.html,https://imas-history.com/entry/2020/09/21/161310,https://cinderellagirls.idolmaster-official.jp/idol/
80,쿨,クール,瀬名詩織,#52C6C3,shiori,shiori.webp,https://cinderellagirls.idolmaster-official.jp/idol/shiori/,https://cinderellagirls.idolmaster-official.jp/assets/img/idol/shiori/idol_detail.png,https://imas-db.jp/misc/color.html,https://imas-history.com/entry/2020/09/21/161310,https://cinderellagirls.idolmaster-official.jp/idol/
81,쿨,クール,望月聖,#B7DDE1,hijiri,hijiri.webp,https://cinderellagirls.idolmaster-official.jp/idol/hijiri/,https://cinderellagirls.idolmaster-official.jp/assets/img/idol/hijiri/idol_detail.png,https://imas-db.jp/misc/color.html,https://imas-history.com/entry/2020/09/21/161310,https://cinderellagirls.idolmaster-official.jp/idol/
82,쿨,クール,水野翠,#43A0AB,midori,midori.webp,https://cinderellagirls.idolmaster-official.jp/idol/midori/,https://cinderellagirls.idolmaster-official.jp/assets/img/idol/midori/idol_detail.png,https://imas-db.jp/misc/color.html,https://imas-history.com/entry/2020/09/21/161310,https://cinderellagirls.idolmaster-official.jp/idol/
83,쿨,クール,浅利七海,#009CBD,nanami,nanami.webp,https://cinderellagirls.idolmaster-official.jp/idol/nanami/,https://cinderellagirls.idolmaster-official.jp/assets/img/idol/nanami/idol_detail.png,https://imas-db.jp/misc/color.html,https://imas-history.com/entry/2020/09/21/161310,https://cinderellagirls.idolmaster-official.jp/idol/
84,쿨,クール,大石泉,#74D1EA,izumi,izumi.webp,https://cinderellagirls.idolmaster-official.jp/idol/izumi/,https://cinderellagirls.idolmaster-official.jp/assets/img/idol/izumi/idol_detail.png,https://imas-db.jp/misc/color.html,https://imas-history.com/entry/2020/09/21/161310,https://cinderellagirls.idolmaster-official.jp/idol/
85,쿨,クール,岡崎泰葉,#ADE5F6,yasuha,yasuha.webp,https://cinderellagirls.idolmaster-official.jp/idol/yasuha/,https://cinderellagirls.idolmaster-official.jp/assets/img/idol/yasuha/idol_detail.png,https://imas-db.jp/misc/color.html,https://imas-history.com/entry/2020/09/21/161310,https://cinderellagirls.idolmaster-official.jp/idol/
86,쿨,クール,松尾千鶴,#99E3FC,chizuru,chizuru.webp,https://cinderellagirls.idolmaster-official.jp/idol/chizuru/,https://cinderellagirls.idolmaster-official.jp/assets/img/idol/chizuru/idol_detail.png,https://imas-db.jp/misc/color.html,https://imas-history.com/entry/2020/09/21/161310,https://cinderellagirls.idolmaster-official.jp/idol/
87,쿨,クール,上条春菜,#5BC2E7,haruna,haruna.webp,https://cinderellagirls.idolmaster-official.jp/idol/haruna/,https://cinderellagirls.idolmaster-official.jp/assets/img/idol/haruna/idol_detail.png,https://imas-db.jp/misc/color.html,https://imas-history.com/entry/2020/09/21/161310,https://cinderellagirls.idolmaster-official.jp/idol/
88,쿨,クール,新田美波,#71C5E8,minami,minami.webp,https://cinderellagirls.idolmaster-official.jp/idol/minami/,https://cinderellagirls.idolmaster-official.jp/assets/img/idol/minami/idol_detail.png,https://imas-db.jp/misc/color.html,https://imas-history.com/entry/2020/09/21/161310,https://cinderellagirls.idolmaster-official.jp/idol/
89,쿨,クール,渋谷凛,#009CDE,rin,rin.webp,https://cinderellagirls.idolmaster-official.jp/idol/rin/,https://cinderellagirls.idolmaster-official.jp/assets/img/idol/rin/idol_detail.png,https://imas-db.jp/misc/color.html,https://imas-history.com/entry/2020/09/21/161310,https://cinderellagirls.idolmaster-official.jp/idol/
90,쿨,クール,水木聖來,#86DBFF,seira,seira.webp,https://cinderellagirls.idolmaster-official.jp/idol/seira/,https://cinderellagirls.idolmaster-official.jp/assets/img/idol/seira/idol_detail.png,https://imas-db.jp/misc/color.html,https://imas-history.com/entry/2020/09/21/161310,https://cinderellagirls.idolmaster-official.jp/idol/
91,쿨,クール,高峯のあ,#9FE1FD,noa,noa.webp,https://cinderellagirls.idolmaster-official.jp/idol/noa/,https://cinderellagirls.idolmaster-official.jp/assets/img/idol/noa/idol_detail.png,https://imas-db.jp/misc/color.html,https://imas-history.com/entry/2020/09/21/161310,https://cinderellagirls.idolmaster-official.jp/idol/
92,쿨,クール,多田李衣菜,#0077C8,riina,riina.webp,https://cinderellagirls.idolmaster-official.jp/idol/riina/,https://cinderellagirls.idolmaster-official.jp/assets/img/idol/riina/idol_detail.png,https://imas-db.jp/misc/color.html,https://imas-history.com/entry/2020/09/21/161310,https://cinderellagirls.idolmaster-official.jp/idol/
93,쿨,クール,塩見周子,#DCE6ED,syuko,syuko.webp,https://cinderellagirls.idolmaster-official.jp/idol/syuko/,https://cinderellagirls.idolmaster-official.jp/assets/img/idol/syuko/idol_detail.png,https://imas-db.jp/misc/color.html,https://imas-history.com/entry/2020/09/21/161310,https://cinderellagirls.idolmaster-official.jp/idol/
94,쿨,クール,佐々木千枝,#0072CE,chie,chie.webp,https://cinderellagirls.idolmaster-official.jp/idol/chie/,https://cinderellagirls.idolmaster-official.jp/assets/img/idol/chie/idol_detail.png,https://imas-db.jp/misc/color.html,https://imas-history.com/entry/2020/09/21/161310,https://cinderellagirls.idolmaster-official.jp/idol/
95,쿨,クール,砂塚あきら,#7E93A7,akira,akira.webp,https://cinderellagirls.idolmaster-official.jp/idol/akira/,https://cinderellagirls.idolmaster-official.jp/assets/img/idol/akira/idol_detail.png,https://imas-db.jp/misc/color.html,https://imas-history.com/entry/2020/09/21/161310,https://cinderellagirls.idolmaster-official.jp/idol/
96,쿨,クール,白坂小梅,#ABCAE9,koume,koume.webp,https://cinderellagirls.idolmaster-official.jp/idol/koume/,https://cinderellagirls.idolmaster-official.jp/assets/img/idol/koume/idol_detail.png,https://imas-db.jp/misc/color.html,https://imas-history.com/entry/2020/09/21/161310,https://cinderellagirls.idolmaster-official.jp/idol/
97,쿨,クール,脇山珠美,#407EC9,tamami,tamami.webp,https://cinderellagirls.idolmaster-official.jp/idol/tamami/,https://cinderellagirls.idolmaster-official.jp/assets/img/idol/tamami/idol_detail.png,https://imas-db.jp/misc/color.html,https://imas-history.com/entry/2020/09/21/161310,https://cinderellagirls.idolmaster-official.jp/idol/
98,쿨,クール,アナスタシア,#B1C9E8,anastasia,anastasia.webp,https://cinderellagirls.idolmaster-official.jp/idol/anastasia/,https://cinderellagirls.idolmaster-official.jp/assets/img/idol/anastasia/idol_detail.png,https://imas-db.jp/misc/color.html,https://imas-history.com/entry/2020/09/21/161310,https://cinderellagirls.idolmaster-official.jp/idol/
99,쿨,クール,速水奏,#003087,kanade,kanade.webp,https://cinderellagirls.idolmaster-official.jp/idol/kanade/,https://cinderellagirls.idolmaster-official.jp/assets/img/idol/kanade/idol_detail.png,https://imas-db.jp/misc/color.html,https://imas-history.com/entry/2020/09/21/161310,https://cinderellagirls.idolmaster-official.jp/idol/
100,쿨,クール,橘ありす,#5C88DA,arisu,arisu.webp,https://cinderellagirls.idolmaster-official.jp/idol/arisu/,https://cinderellagirls.idolmaster-official.jp/assets/img/idol/arisu/idol_detail.png,https://imas-db.jp/misc/color.html,https://imas-history.com/entry/2020/09/21/161310,https://cinderellagirls.idolmaster-official.jp/idol/
101,쿨,クール,小室千奈美,#ACC0E6,chinami,chinami.webp,https://cinderellagirls.idolmaster-official.jp/idol/chinami/,https://cinderellagirls.idolmaster-official.jp/assets/img/idol/chinami/idol_detail.png,https://imas-db.jp/misc/color.html,https://imas-history.com/entry/2020/09/21/161310,https://cinderellagirls.idolmaster-official.jp/idol/
102,쿨,クール,成宮由愛,#2B5CD5,yume,yume.webp,https://cinderellagirls.idolmaster-official.jp/idol/yume/,https://cinderellagirls.idolmaster-official.jp/assets/img/idol/yume/idol_detail.png,https://imas-db.jp/misc/color.html,https://imas-history.com/entry/2020/09/21/161310,https://cinderellagirls.idolmaster-official.jp/idol/
103,쿨,クール,鷺沢文香,#606EB2,fumika,fumika.webp,https://cinderellagirls.idolmaster-official.jp/idol/fumika/,https://cinderellagirls.idolmaster-official.jp/assets/img/idol/fumika/idol_detail.png,https://imas-db.jp/misc/color.html,https://imas-history.com/entry/2020/09/21/161310,https://cinderellagirls.idolmaster-official.jp/idol/
104,쿨,クール,松本沙理奈,#2943CB,sarina,sarina.webp,https://cinderellagirls.idolmaster-official.jp/idol/sarina/,https://cinderellagirls.idolmaster-official.jp/assets/img/idol/sarina/idol_detail.png,https://imas-db.jp/misc/color.html,https://imas-history.com/entry/2020/09/21/161310,https://cinderellagirls.idolmaster-official.jp/idol/
105,쿨,クール,川島瑞樹,#485CC7,mizuki,mizuki.webp,https://cinderellagirls.idolmaster-official.jp/idol/mizuki/,https://cinderellagirls.idolmaster-official.jp/assets/img/idol/mizuki/idol_detail.png,https://imas-db.jp/misc/color.html,https://imas-history.com/entry/2020/09/21/161310,https://cinderellagirls.idolmaster-official.jp/idol/
106,쿨,クール,和久井留美,#2E347E,rumi,rumi.webp,https://cinderellagirls.idolmaster-official.jp/idol/rumi/,https://cinderellagirls.idolmaster-official.jp/assets/img/idol/rumi/idol_detail.png,https://imas-db.jp/misc/color.html,https://imas-history.com/entry/2020/09/21/161310,https://cinderellagirls.idolmaster-official.jp/idol/
107,쿨,クール,吉岡沙紀,#1B24C2,saki,saki.webp,https://cinderellagirls.idolmaster-official.jp/idol/saki/,https://cinderellagirls.idolmaster-official.jp/assets/img/idol/saki/idol_detail.png,https://imas-db.jp/misc/color.html,https://imas-history.com/entry/2020/09/21/161310,https://cinderellagirls.idolmaster-official.jp/idol/
108,쿨,クール,佐城雪美,#171C8F,yukimi,yukimi.webp,https://cinderellagirls.idolmaster-official.jp/idol/yukimi/,https://cinderellagirls.idolmaster-official.jp/assets/img/idol/yukimi/idol_detail.png,https://imas-db.jp/misc/color.html,https://imas-history.com/entry/2020/09/21/161310,https://cinderellagirls.idolmaster-official.jp/idol/
109,쿨,クール,藤原肇,#9595D2,hajime,hajime.webp,https://cinderellagirls.idolmaster-official.jp/idol/hajime/,https://cinderellagirls.idolmaster-official.jp/assets/img/idol/hajime/idol_detail.png,https://imas-db.jp/misc/color.html,https://imas-history.com/entry/2020/09/21/161310,https://cinderellagirls.idolmaster-official.jp/idol/
110,쿨,クール,西川保奈美,#5756D8,honami,honami.webp,https://cinderellagirls.idolmaster-official.jp/idol/honami/,https://cinderellagirls.idolmaster-official.jp/assets/img/idol/honami/idol_detail.png,https://imas-db.jp/misc/color.html,https://imas-history.com/entry/2020/09/21/161310,https://cinderellagirls.idolmaster-official.jp/idol/
111,쿨,クール,八神マキノ,#A6A4E0,makino,makino.webp,https://cinderellagirls.idolmaster-official.jp/idol/makino/,https://cinderellagirls.idolmaster-official.jp/assets/img/idol/makino/idol_detail.png,https://imas-db.jp/misc/color.html,https://imas-history.com/entry/2020/09/21/161310,https://cinderellagirls.idolmaster-official.jp/idol/
112,쿨,クール,古澤頼子,#3F3C8B,yoriko,yoriko.webp,https://cinderellagirls.idolmaster-official.jp/idol/yoriko/,https://cinderellagirls.idolmaster-official.jp/assets/img/idol/yoriko/idol_detail.png,https://imas-db.jp/misc/color.html,https://imas-history.com/entry/2020/09/21/161310,https://cinderellagirls.idolmaster-official.jp/idol/
113,쿨,クール,松永涼,#211551,ryo,ryo.webp,https://cinderellagirls.idolmaster-official.jp/idol/ryo/,https://cinderellagirls.idolmaster-official.jp/assets/img/idol/ryo/idol_detail.png,https://imas-db.jp/misc/color.html,https://imas-history.com/entry/2020/09/21/161310,https://cinderellagirls.idolmaster-official.jp/idol/
114,쿨,クール,神谷奈緒,#9678D3,nao,nao.webp,https://cinderellagirls.idolmaster-official.jp/idol/nao/,https://cinderellagirls.idolmaster-official.jp/assets/img/idol/nao/idol_detail.png,https://imas-db.jp/misc/color.html,https://imas-history.com/entry/2020/09/21/161310,https://cinderellagirls.idolmaster-official.jp/idol/
115,쿨,クール,服部瞳子,#633AA1,toko,toko.webp,https://cinderellagirls.idolmaster-official.jp/idol/toko/,https://cinderellagirls.idolmaster-official.jp/assets/img/idol/toko/idol_detail.png,https://imas-db.jp/misc/color.html,https://imas-history.com/entry/2020/09/21/161310,https://cinderellagirls.idolmaster-official.jp/idol/
116,쿨,クール,二宮飛鳥,#5F259F,asuka,asuka.webp,https://cinderellagirls.idolmaster-official.jp/idol/asuka/,https://cinderellagirls.idolmaster-official.jp/assets/img/idol/asuka/idol_detail.png,https://imas-db.jp/misc/color.html,https://imas-history.com/entry/2020/09/21/161310,https://cinderellagirls.idolmaster-official.jp/idol/
117,쿨,クール,篠原礼,#BB68FE,rei,rei.webp,https://cinderellagirls.idolmaster-official.jp/idol/rei/,https://cinderellagirls.idolmaster-official.jp/assets/img/idol/rei/idol_detail.png,https://imas-db.jp/misc/color.html,https://imas-history.com/entry/2020/09/21/161310,https://cinderellagirls.idolmaster-official.jp/idol/
118,쿨,クール,藤居朋,#9B58C2,tomo,tomo.webp,https://cinderellagirls.idolmaster-official.jp/idol/tomo/,https://cinderellagirls.idolmaster-official.jp/assets/img/idol/tomo/idol_detail.png,https://imas-db.jp/misc/color.html,https://imas-history.com/entry/2020/09/21/161310,https://cinderellagirls.idolmaster-official.jp/idol/
119,쿨,クール,伊集院惠,#521078,megumi,megumi.webp,https://cinderellagirls.idolmaster-official.jp/idol/megumi/,https://cinderellagirls.idolmaster-official.jp/assets/img/idol/megumi/idol_detail.png,https://imas-db.jp/misc/color.html,https://imas-history.com/entry/2020/09/21/161310,https://cinderellagirls.idolmaster-official.jp/idol/
120,쿨,クール,鷹富士茄子,#5C068C,kako,kako.webp,https://cinderellagirls.idolmaster-official.jp/idol/kako/,https://cinderellagirls.idolmaster-official.jp/assets/img/idol/kako/idol_detail.png,https://imas-db.jp/misc/color.html,https://imas-history.com/entry/2020/09/21/161310,https://cinderellagirls.idolmaster-official.jp/idol/
121,쿨,クール,相川千夏,#7A508F,chinatsu,chinatsu.webp,https://cinderellagirls.idolmaster-official.jp/idol/chinatsu/,https://cinderellagirls.idolmaster-official.jp/assets/img/idol/chinatsu/idol_detail.png,https://imas-db.jp/misc/color.html,https://imas-history.com/entry/2020/09/21/161310,https://cinderellagirls.idolmaster-official.jp/idol/
122,쿨,クール,綾瀬穂乃香,#F5D6FF,honoka,honoka.webp,https://cinderellagirls.idolmaster-official.jp/idol/honoka/,https://cinderellagirls.idolmaster-official.jp/assets/img/idol/honoka/idol_detail.png,https://imas-db.jp/misc/color.html,https://imas-history.com/entry/2020/09/21/161310,https://cinderellagirls.idolmaster-official.jp/idol/
123,쿨,クール,桐生つかさ,#AB4EC6,tsukasa,tsukasa.webp,https://cinderellagirls.idolmaster-official.jp/idol/tsukasa/,https://cinderellagirls.idolmaster-official.jp/assets/img/idol/tsukasa/idol_detail.png,https://imas-db.jp/misc/color.html,https://imas-history.com/entry/2020/09/21/161310,https://cinderellagirls.idolmaster-official.jp/idol/
124,쿨,クール,神崎蘭子,#84329B,ranko,ranko.webp,https://cinderellagirls.idolmaster-official.jp/idol/ranko/,https://cinderellagirls.idolmaster-official.jp/assets/img/idol/ranko/idol_detail.png,https://imas-db.jp/misc/color.html,https://imas-history.com/entry/2020/09/21/161310,https://cinderellagirls.idolmaster-official.jp/idol/
125,쿨,クール,岸部彩華,#F14FEE,ayaka,ayaka.webp,https://cinderellagirls.idolmaster-official.jp/idol/ayaka/,https://cinderellagirls.idolmaster-official.jp/assets/img/idol/ayaka/idol_detail.png,https://imas-db.jp/misc/color.html,https://imas-history.com/entry/2020/09/21/161310,https://cinderellagirls.idolmaster-official.jp/idol/
126,쿨,クール,柊志乃,#AD1E66,shino,shino.webp,https://cinderellagirls.idolmaster-official.jp/idol/shino/,https://cinderellagirls.idolmaster-official.jp/assets/img/idol/shino/idol_detail.png,https://imas-db.jp/misc/color.html,https://imas-history.com/entry/2020/09/21/161310,https://cinderellagirls.idolmaster-official.jp/idol/
127,쿨,クール,桐野アヤ,#C3396C,aya,aya.webp,https://cinderellagirls.idolmaster-official.jp/idol/aya/,https://cinderellagirls.idolmaster-official.jp/assets/img/idol/aya/idol_detail.png,https://imas-db.jp/misc/color.html,https://imas-history.com/entry/2020/09/21/161310,https://cinderellagirls.idolmaster-official.jp/idol/
128,쿨,クール,東郷あい,#9B274A,ai,ai.webp,https://cinderellagirls.idolmaster-official.jp/idol/ai/,https://cinderellagirls.idolmaster-official.jp/assets/img/idol/ai/idol_detail.png,https://imas-db.jp/misc/color.html,https://imas-history.com/entry/2020/09/21/161310,https://cinderellagirls.idolmaster-official.jp/idol/
129,쿨,クール,ケイト,#CF142B,kate,kate.webp,https://cinderellagirls.idolmaster-official.jp/idol/kate/,https://cinderellagirls.idolmaster-official.jp/assets/img/idol/kate/idol_detail.png,https://imas-db.jp/misc/color.html,https://imas-history.com/entry/2020/09/21/161310,https://cinderellagirls.idolmaster-official.jp/idol/
130,쿨,クール,木場真奈美,#8D8696,manami,manami.webp,https://cinderellagirls.idolmaster-official.jp/idol/manami/,https://cinderellagirls.idolmaster-official.jp/assets/img/idol/manami/idol_detail.png,https://imas-db.jp/misc/color.html,https://imas-history.com/entry/2020/09/21/161310,https://cinderellagirls.idolmaster-official.jp/idol/
131,패션,パッション,日野茜,#F9423A,akane,akane.webp,https://cinderellagirls.idolmaster-official.jp/idol/akane/,https://cinderellagirls.idolmaster-official.jp/assets/img/idol/akane/idol_detail.png,https://imas-db.jp/misc/color.html,https://imas-history.com/entry/2020/09/21/161310,https://cinderellagirls.idolmaster-official.jp/idol/
132,패션,パッション,難波笑美,#E03C31,emi,emi.webp,https://cinderellagirls.idolmaster-official.jp/idol/emi/,https://cinderellagirls.idolmaster-official.jp/assets/img/idol/emi/idol_detail.png,https://imas-db.jp/misc/color.html,https://imas-history.com/entry/2020/09/21/161310,https://cinderellagirls.idolmaster-official.jp/idol/
133,패션,パッション,ナターリア,#F4633A,natalia,natalia.webp,https://cinderellagirls.idolmaster-official.jp/idol/natalia/,https://cinderellagirls.idolmaster-official.jp/assets/img/idol/natalia/idol_detail.png,https://imas-db.jp/misc/color.html,https://imas-history.com/entry/2020/09/21/161310,https://cinderellagirls.idolmaster-official.jp/idol/
134,패션,パッション,西島櫂,#F16029,kai,kai.webp,https://cinderellagirls.idolmaster-official.jp/idol/kai/,https://cinderellagirls.idolmaster-official.jp/assets/img/idol/kai/idol_detail.png,https://imas-db.jp/misc/color.html,https://imas-history.com/entry/2020/09/21/161310,https://cinderellagirls.idolmaster-official.jp/idol/
135,패션,パッション,片桐早苗,#FC4C02,sanae,sanae.webp,https://cinderellagirls.idolmaster-official.jp/idol/sanae/,https://cinderellagirls.idolmaster-official.jp/assets/img/idol/sanae/idol_detail.png,https://imas-db.jp/misc/color.html,https://imas-history.com/entry/2020/09/21/161310,https://cinderellagirls.idolmaster-official.jp/idol/
136,패션,パッション,槙原志保,#F97F4B,shiho,shiho.webp,https://cinderellagirls.idolmaster-official.jp/idol/shiho/,https://cinderellagirls.idolmaster-official.jp/assets/img/idol/shiho/idol_detail.png,https://imas-db.jp/misc/color.html,https://imas-history.com/entry/2020/09/21/161310,https://cinderellagirls.idolmaster-official.jp/idol/
137,패션,パッション,野々村そら,#FC6E2E,sora,sora.webp,https://cinderellagirls.idolmaster-official.jp/idol/sora/,https://cinderellagirls.idolmaster-official.jp/assets/img/idol/sora/idol_detail.png,https://imas-db.jp/misc/color.html,https://imas-history.com/entry/2020/09/21/161310,https://cinderellagirls.idolmaster-official.jp/idol/
138,패션,パッション,矢口美羽,#EC5800,miu,miu.webp,https://cinderellagirls.idolmaster-official.jp/idol/miu/,https://cinderellagirls.idolmaster-official.jp/assets/img/idol/miu/idol_detail.png,https://imas-db.jp/misc/color.html,https://imas-history.com/entry/2020/09/21/161310,https://cinderellagirls.idolmaster-official.jp/idol/
139,패션,パッション,松山久美子,#FF7B2C,kumiko,kumiko.webp,https://cinderellagirls.idolmaster-official.jp/idol/kumiko/,https://cinderellagirls.idolmaster-official.jp/assets/img/idol/kumiko/idol_detail.png,https://imas-db.jp/misc/color.html,https://imas-history.com/entry/2020/09/21/161310,https://cinderellagirls.idolmaster-official.jp/idol/
140,패션,パッション,依田芳乃,#C4BCB7,yoshino,yoshino.webp,https://cinderellagirls.idolmaster-official.jp/idol/yoshino/,https://cinderellagirls.idolmaster-official.jp/assets/img/idol/yoshino/idol_detail.png,https://imas-db.jp/misc/color.html,https://imas-history.com/entry/2020/09/21/161310,https://cinderellagirls.idolmaster-official.jp/idol/
141,패션,パッション,堀裕子,#ECA154,yuko,yuko.webp,https://cinderellagirls.idolmaster-official.jp/idol/yuko/,https://cinderellagirls.idolmaster-official.jp/assets/img/idol/yuko/idol_detail.png,https://imas-db.jp/misc/color.html,https://imas-history.com/entry/2020/09/21/161310,https://cinderellagirls.idolmaster-official.jp/idol/
142,패션,パッション,沢田麻理菜,#FCA538,marina,marina.webp,https://cinderellagirls.idolmaster-official.jp/idol/marina/,https://cinderellagirls.idolmaster-official.jp/assets/img/idol/marina/idol_detail.png,https://imas-db.jp/misc/color.html,https://imas-history.com/entry/2020/09/21/161310,https://cinderellagirls.idolmaster-official.jp/idol/
143,패션,パッション,城ヶ崎美嘉,#FE9D1A,mika,mika.webp,https://cinderellagirls.idolmaster-official.jp/idol/mika/,https://cinderellagirls.idolmaster-official.jp/assets/img/idol/mika/idol_detail.png,https://imas-db.jp/misc/color.html,https://imas-history.com/entry/2020/09/21/161310,https://cinderellagirls.idolmaster-official.jp/idol/
144,패션,パッション,姫川友紀,#ED8B00,yuki,yuki.webp,https://cinderellagirls.idolmaster-official.jp/idol/yuki/,https://cinderellagirls.idolmaster-official.jp/assets/img/idol/yuki/idol_detail.png,https://imas-db.jp/misc/color.html,https://imas-history.com/entry/2020/09/21/161310,https://cinderellagirls.idolmaster-official.jp/idol/
145,패션,パッション,土屋亜子,#FFBE60,ako,ako.webp,https://cinderellagirls.idolmaster-official.jp/idol/ako/,https://cinderellagirls.idolmaster-official.jp/assets/img/idol/ako/idol_detail.png,https://imas-db.jp/misc/color.html,https://imas-history.com/entry/2020/09/21/161310,https://cinderellagirls.idolmaster-official.jp/idol/
146,패션,パッション,上田鈴帆,#CC8A00,suzuho,suzuho.webp,https://cinderellagirls.idolmaster-official.jp/idol/suzuho/,https://cinderellagirls.idolmaster-official.jp/assets/img/idol/suzuho/idol_detail.png,https://imas-db.jp/misc/color.html,https://imas-history.com/entry/2020/09/21/161310,https://cinderellagirls.idolmaster-official.jp/idol/
147,패션,パッション,本田未央,#FFB81C,mio,mio.webp,https://cinderellagirls.idolmaster-official.jp/idol/mio/,https://cinderellagirls.idolmaster-official.jp/assets/img/idol/mio/idol_detail.png,https://imas-db.jp/misc/color.html,https://imas-history.com/entry/2020/09/21/161310,https://cinderellagirls.idolmaster-official.jp/idol/
148,패션,パッション,相馬夏美,#FCC138,natsumi,natsumi.webp,https://cinderellagirls.idolmaster-official.jp/idol/natsumi/,https://cinderellagirls.idolmaster-official.jp/assets/img/idol/natsumi/idol_detail.png,https://imas-db.jp/misc/color.html,https://imas-history.com/entry/2020/09/21/161310,https://cinderellagirls.idolmaster-official.jp/idol/
149,패션,パッション,冴島清美,#F6BD30,kiyomi,kiyomi.webp,https://cinderellagirls.idolmaster-official.jp/idol/kiyomi/,https://cinderellagirls.idolmaster-official.jp/assets/img/idol/kiyomi/idol_detail.png,https://imas-db.jp/misc/color.html,https://imas-history.com/entry/2020/09/21/161310,https://cinderellagirls.idolmaster-official.jp/idol/
150,패션,パッション,愛野渚,#FFCB49,nagisa,nagisa.webp,https://cinderellagirls.idolmaster-official.jp/idol/nagisa/,https://cinderellagirls.idolmaster-official.jp/assets/img/idol/nagisa/idol_detail.png,https://imas-db.jp/misc/color.html,https://imas-history.com/entry/2020/09/21/161310,https://cinderellagirls.idolmaster-official.jp/idol/
151,패션,パッション,大槻唯,#F6BE00,yui,yui.webp,https://cinderellagirls.idolmaster-official.jp/idol/yui/,https://cinderellagirls.idolmaster-official.jp/assets/img/idol/yui/idol_detail.png,https://imas-db.jp/misc/color.html,https://imas-history.com/entry/2020/09/21/161310,https://cinderellagirls.idolmaster-official.jp/idol/
152,패션,パッション,市原仁奈,#F8E08E,nina,nina.webp,https://cinderellagirls.idolmaster-official.jp/idol/nina/,https://cinderellagirls.idolmaster-official.jp/assets/img/idol/nina/idol_detail.png,https://imas-db.jp/misc/color.html,https://imas-history.com/entry/2020/09/21/161310,https://cinderellagirls.idolmaster-official.jp/idol/
153,패션,パッション,喜多日菜子,#FCD757,hinako,hinako.webp,https://cinderellagirls.idolmaster-official.jp/idol/hinako/,https://cinderellagirls.idolmaster-official.jp/assets/img/idol/hinako/idol_detail.png,https://imas-db.jp/misc/color.html,https://imas-history.com/entry/2020/09/21/161310,https://cinderellagirls.idolmaster-official.jp/idol/
154,패션,パッション,並木芽衣子,#FEEA9C,meiko,meiko.webp,https://cinderellagirls.idolmaster-official.jp/idol/meiko/,https://cinderellagirls.idolmaster-official.jp/assets/img/idol/meiko/idol_detail.png,https://imas-db.jp/misc/color.html,https://imas-history.com/entry/2020/09/21/161310,https://cinderellagirls.idolmaster-official.jp/idol/
155,패션,パッション,赤城みりあ,#FFCD00,miria,miria.webp,https://cinderellagirls.idolmaster-official.jp/idol/miria/,https://cinderellagirls.idolmaster-official.jp/assets/img/idol/miria/idol_detail.png,https://imas-db.jp/misc/color.html,https://imas-history.com/entry/2020/09/21/161310,https://cinderellagirls.idolmaster-official.jp/idol/
156,패션,パッション,諸星きらり,#FFD100,kirari,kirari.webp,https://cinderellagirls.idolmaster-official.jp/idol/kirari/,https://cinderellagirls.idolmaster-official.jp/assets/img/idol/kirari/idol_detail.png,https://imas-db.jp/misc/color.html,https://imas-history.com/entry/2020/09/21/161310,https://cinderellagirls.idolmaster-official.jp/idol/
157,패션,パッション,龍崎薫,#FAE053,kaoru,kaoru.webp,https://cinderellagirls.idolmaster-official.jp/idol/kaoru/,https://cinderellagirls.idolmaster-official.jp/assets/img/idol/kaoru/idol_detail.png,https://imas-db.jp/misc/color.html,https://imas-history.com/entry/2020/09/21/161310,https://cinderellagirls.idolmaster-official.jp/idol/
158,패션,パッション,首藤葵,#FBE983,aoi,aoi.webp,https://cinderellagirls.idolmaster-official.jp/idol/aoi/,https://cinderellagirls.idolmaster-official.jp/assets/img/idol/aoi/idol_detail.png,https://imas-db.jp/misc/color.html,https://imas-history.com/entry/2020/09/21/161310,https://cinderellagirls.idolmaster-official.jp/idol/
159,패션,パッション,キャシー・グラハム,#FFDC00,cathy,cathy.webp,https://cinderellagirls.idolmaster-official.jp/idol/cathy/,https://cinderellagirls.idolmaster-official.jp/assets/img/idol/cathy/idol_detail.png,https://imas-db.jp/misc/color.html,https://imas-history.com/entry/2020/09/21/161310,https://cinderellagirls.idolmaster-official.jp/idol/
160,패션,パッション,城ヶ崎莉嘉,#FEDD00,rika,rika.webp,https://cinderellagirls.idolmaster-official.jp/idol/rika/,https://cinderellagirls.idolmaster-official.jp/assets/img/idol/rika/idol_detail.png,https://imas-db.jp/misc/color.html,https://imas-history.com/entry/2020/09/21/161310,https://cinderellagirls.idolmaster-official.jp/idol/
161,패션,パッション,相葉夕美,#F0E991,yumi,yumi.webp,https://cinderellagirls.idolmaster-official.jp/idol/yumi/,https://cinderellagirls.idolmaster-official.jp/assets/img/idol/yumi/idol_detail.png,https://imas-db.jp/misc/color.html,https://imas-history.com/entry/2020/09/21/161310,https://cinderellagirls.idolmaster-official.jp/idol/
162,패션,パッション,喜多見柚,#F8F283,yuzu,yuzu.webp,https://cinderellagirls.idolmaster-official.jp/idol/yuzu/,https://cinderellagirls.idolmaster-official.jp/assets/img/idol/yuzu/idol_detail.png,https://imas-db.jp/misc/color.html,https://imas-history.com/entry/2020/09/21/161310,https://cinderellagirls.idolmaster-official.jp/idol/
163,패션,パッション,小松伊吹,#FFFB4E,ibuki,ibuki.webp,https://cinderellagirls.idolmaster-official.jp/idol/ibuki/,https://cinderellagirls.idolmaster-official.jp/assets/img/idol/ibuki/idol_detail.png,https://imas-db.jp/misc/color.html,https://imas-history.com/entry/2020/09/21/161310,https://cinderellagirls.idolmaster-official.jp/idol/
164,패션,パッション,若林智香,#FDFF4E,tomoka,tomoka.webp,https://cinderellagirls.idolmaster-official.jp/idol/tomoka/,https://cinderellagirls.idolmaster-official.jp/assets/img/idol/tomoka/idol_detail.png,https://imas-db.jp/misc/color.html,https://imas-history.com/entry/2020/09/21/161310,https://cinderellagirls.idolmaster-official.jp/idol/
165,패션,パッション,海老原菜帆,#819832,naho,naho.webp,https://cinderellagirls.idolmaster-official.jp/idol/naho/,https://cinderellagirls.idolmaster-official.jp/assets/img/idol/naho/idol_detail.png,https://imas-db.jp/misc/color.html,https://imas-history.com/entry/2020/09/21/161310,https://cinderellagirls.idolmaster-official.jp/idol/
166,패션,パッション,高森藍子,#CDEA80,aiko,aiko.webp,https://cinderellagirls.idolmaster-official.jp/idol/aiko/,https://cinderellagirls.idolmaster-official.jp/assets/img/idol/aiko/idol_detail.png,https://imas-db.jp/misc/color.html,https://imas-history.com/entry/2020/09/21/161310,https://cinderellagirls.idolmaster-official.jp/idol/
167,패션,パッション,斉藤洋子,#CBFC9F,yoko,yoko.webp,https://cinderellagirls.idolmaster-official.jp/idol/yoko/,https://cinderellagirls.idolmaster-official.jp/assets/img/idol/yoko/idol_detail.png,https://imas-db.jp/misc/color.html,https://imas-history.com/entry/2020/09/21/161310,https://cinderellagirls.idolmaster-official.jp/idol/
168,패션,パッション,三好紗南,#45F05B,sana,sana.webp,https://cinderellagirls.idolmaster-official.jp/idol/sana/,https://cinderellagirls.idolmaster-official.jp/assets/img/idol/sana/idol_detail.png,https://imas-db.jp/misc/color.html,https://imas-history.com/entry/2020/09/21/161310,https://cinderellagirls.idolmaster-official.jp/idol/
169,패션,パッション,北川真尋,#4FD962,mahiro,mahiro.webp,https://cinderellagirls.idolmaster-official.jp/idol/mahiro/,https://cinderellagirls.idolmaster-official.jp/assets/img/idol/mahiro/idol_detail.png,https://imas-db.jp/misc/color.html,https://imas-history.com/entry/2020/09/21/161310,https://cinderellagirls.idolmaster-official.jp/idol/
170,패션,パッション,真鍋いつき,#58EABD,itsuki,itsuki.webp,https://cinderellagirls.idolmaster-official.jp/idol/itsuki/,https://cinderellagirls.idolmaster-official.jp/assets/img/idol/itsuki/idol_detail.png,https://imas-db.jp/misc/color.html,https://imas-history.com/entry/2020/09/21/161310,https://cinderellagirls.idolmaster-official.jp/idol/
171,패션,パッション,浜口あやめ,#440099,ayame,ayame.webp,https://cinderellagirls.idolmaster-official.jp/idol/ayame/,https://cinderellagirls.idolmaster-official.jp/assets/img/idol/ayame/idol_detail.png,https://imas-db.jp/misc/color.html,https://imas-history.com/entry/2020/09/21/161310,https://cinderellagirls.idolmaster-official.jp/idol/
172,패션,パッション,イヴ・サンタクロース,#E5E1E6,eve,eve.webp,https://cinderellagirls.idolmaster-official.jp/idol/eve/,https://cinderellagirls.idolmaster-official.jp/assets/img/idol/eve/idol_detail.png,https://imas-db.jp/misc/color.html,https://imas-history.com/entry/2020/09/21/161310,https://cinderellagirls.idolmaster-official.jp/idol/
173,패션,パッション,小関麗奈,#9B26B6,reina,reina.webp,https://cinderellagirls.idolmaster-official.jp/idol/reina/,https://cinderellagirls.idolmaster-official.jp/assets/img/idol/reina/idol_detail.png,https://imas-db.jp/misc/color.html,https://imas-history.com/entry/2020/09/21/161310,https://cinderellagirls.idolmaster-official.jp/idol/
174,패션,パッション,メアリー・コクラン,#F196FF,mary,mary.webp,https://cinderellagirls.idolmaster-official.jp/idol/mary/,https://cinderellagirls.idolmaster-official.jp/assets/img/idol/mary/idol_detail.png,https://imas-db.jp/misc/color.html,https://imas-history.com/entry/2020/09/21/161310,https://cinderellagirls.idolmaster-official.jp/idol/
175,패션,パッション,夢見りあむ,#E89CDC,riamu,riamu.webp,https://cinderellagirls.idolmaster-official.jp/idol/riamu/,https://cinderellagirls.idolmaster-official.jp/assets/img/idol/riamu/idol_detail.png,https://imas-db.jp/misc/color.html,https://imas-history.com/entry/2020/09/21/161310,https://cinderellagirls.idolmaster-official.jp/idol/
176,패션,パッション,向井拓海,#B0008E,takumi,takumi.webp,https://cinderellagirls.idolmaster-official.jp/idol/takumi/,https://cinderellagirls.idolmaster-official.jp/assets/img/idol/takumi/idol_detail.png,https://imas-db.jp/misc/color.html,https://imas-history.com/entry/2020/09/21/161310,https://cinderellagirls.idolmaster-official.jp/idol/
177,패션,パッション,浜川愛結奈,#A42678,ayuna,ayuna.webp,https://cinderellagirls.idolmaster-official.jp/idol/ayuna/,https://cinderellagirls.idolmaster-official.jp/assets/img/idol/ayuna/idol_detail.png,https://imas-db.jp/misc/color.html,https://imas-history.com/entry/2020/09/21/161310,https://cinderellagirls.idolmaster-official.jp/idol/
178,패션,パッション,的場梨沙,#FF00A0,risa,risa.webp,https://cinderellagirls.idolmaster-official.jp/idol/risa/,https://cinderellagirls.idolmaster-official.jp/assets/img/idol/risa/idol_detail.png,https://imas-db.jp/misc/color.html,https://imas-history.com/entry/2020/09/21/161310,https://cinderellagirls.idolmaster-official.jp/idol/
179,패션,パッション,仙崎恵磨,#D30D85,ema,ema.webp,https://cinderellagirls.idolmaster-official.jp/idol/ema/,https://cinderellagirls.idolmaster-official.jp/assets/img/idol/ema/idol_detail.png,https://imas-db.jp/misc/color.html,https://imas-history.com/entry/2020/09/21/161310,https://cinderellagirls.idolmaster-official.jp/idol/
180,패션,パッション,衛藤美紗希,#FE85C7,misaki,misaki.webp,https://cinderellagirls.idolmaster-official.jp/idol/misaki/,https://cinderellagirls.idolmaster-official.jp/assets/img/idol/misaki/idol_detail.png,https://imas-db.jp/misc/color.html,https://imas-history.com/entry/2020/09/21/161310,https://cinderellagirls.idolmaster-official.jp/idol/
181,패션,パッション,佐藤心,#F04E98,shin,shin.webp,https://cinderellagirls.idolmaster-official.jp/idol/shin/,https://cinderellagirls.idolmaster-official.jp/assets/img/idol/shin/idol_detail.png,https://imas-db.jp/misc/color.html,https://imas-history.com/entry/2020/09/21/161310,https://cinderellagirls.idolmaster-official.jp/idol/
182,패션,パッション,財前時子,#7D0837,tokiko,tokiko.webp,https://cinderellagirls.idolmaster-official.jp/idol/tokiko/,https://cinderellagirls.idolmaster-official.jp/assets/img/idol/tokiko/idol_detail.png,https://imas-db.jp/misc/color.html,https://imas-history.com/entry/2020/09/21/161310,https://cinderellagirls.idolmaster-official.jp/idol/
183,패션,パッション,星輝子,#A6093D,syoko,syoko.webp,https://cinderellagirls.idolmaster-official.jp/idol/syoko/,https://cinderellagirls.idolmaster-official.jp/assets/img/idol/syoko/idol_detail.png,https://imas-db.jp/misc/color.html,https://imas-history.com/entry/2020/09/21/161310,https://cinderellagirls.idolmaster-official.jp/idol/
184,패션,パッション,久川凪,#F8A4BD,nagi,nagi.webp,https://cinderellagirls.idolmaster-official.jp/idol/nagi/,https://cinderellagirls.idolmaster-official.jp/assets/img/idol/nagi/idol_detail.png,https://imas-db.jp/misc/color.html,https://imas-history.com/entry/2020/09/21/161310,https://cinderellagirls.idolmaster-official.jp/idol/
185,패션,パッション,杉坂海,#D83C6A,umi,umi.webp,https://cinderellagirls.idolmaster-official.jp/idol/umi/,https://cinderellagirls.idolmaster-official.jp/assets/img/idol/umi/idol_detail.png,https://imas-db.jp/misc/color.html,https://imas-history.com/entry/2020/09/21/161310,https://cinderellagirls.idolmaster-official.jp/idol/
186,패션,パッション,南条光,#E4002B,hikaru,hikaru.webp,https://cinderellagirls.idolmaster-official.jp/idol/hikaru/,https://cinderellagirls.idolmaster-official.jp/assets/img/idol/hikaru/idol_detail.png,https://imas-db.jp/misc/color.html,https://imas-history.com/entry/2020/09/21/161310,https://cinderellagirls.idolmaster-official.jp/idol/
187,패션,パッション,十時愛梨,#DF4661,airi,airi.webp,https://cinderellagirls.idolmaster-official.jp/idol/airi/,https://cinderellagirls.idolmaster-official.jp/assets/img/idol/airi/idol_detail.png,https://imas-db.jp/misc/color.html,https://imas-history.com/entry/2020/09/21/161310,https://cinderellagirls.idolmaster-official.jp/idol/
188,패션,パッション,村上巴,#AB192C,tomoe,tomoe.webp,https://cinderellagirls.idolmaster-official.jp/idol/tomoe/,https://cinderellagirls.idolmaster-official.jp/assets/img/idol/tomoe/idol_detail.png,https://imas-db.jp/misc/color.html,https://imas-history.com/entry/2020/09/21/161310,https://cinderellagirls.idolmaster-official.jp/idol/
189,패션,パッション,木村夏樹,#53565A,natsuki,natsuki.webp,https://cinderellagirls.idolmaster-official.jp/idol/natsuki/,https://cinderellagirls.idolmaster-official.jp/assets/img/idol/natsuki/idol_detail.png,https://imas-db.jp/misc/color.html,https://imas-history.com/entry/2020/09/21/161310,https://cinderellagirls.idolmaster-official.jp/idol/
190,패션,パッション,及川雫,#FFFFFF,shizuku,shizuku.webp,https://cinderellagirls.idolmaster-official.jp/idol/shizuku/,https://cinderellagirls.idolmaster-official.jp/assets/img/idol/shizuku/idol_detail.png,https://imas-db.jp/misc/color.html,https://imas-history.com/entry/2020/09/21/161310,https://cinderellagirls.idolmaster-official.jp/idol/
